idx,anoIdx,anoScore
1,1,0.428169
2,7,0.510149
3,10,0.516160
4,12,0.425668
5,13,0.503671
6,15,0.467489
7,17,0.489395
8,22,0.407916
9,25,0.459102
10,26,0.482923
11,29,0.572027
12,30,0.430684
