idx,anoIdx,anoScore
1,1,0.451105
2,7,0.513966
3,8,0.416254
4,10,0.536333
5,11,0.405966
6,12,0.425215
7,13,0.494898
8,15,0.485243
9,17,0.501797
10,25,0.444429
11,26,0.495953
12,29,0.590597
13,30,0.438319
