idx,anoIdx,anoScore
1,1,0.438085
2,7,0.518916
3,10,0.542653
4,12,0.412064
5,13,0.490177
6,15,0.467987
7,17,0.515611
8,22,0.400171
9,25,0.465750
10,26,0.476030
11,29,0.589654
12,30,0.430913
